<?xml version="1.0" encoding="UTF-8"?>

<beans xmlns="http://www.springframework.org/schema/beans"  
    xmlns:xsi="http://www.w3.org/2001/XMLSchema-instance"  
    xmlns:aop="http://www.springframework.org/schema/aop"   
       xsi:schemaLocation="http://www.springframework.org/schema/beans   
       http://www.springframework.org/schema/beans/spring-beans.xsd   
       http://www.springframework.org/schema/aop   
       http://www.springframework.org/schema/aop/spring-aop.xsd">  
  <!-- -->
  
  <bean id = "studentBean" class="myPack.Student">
  	<constructor-arg name="rollNo" index="0" value="60"></constructor-arg>
  	<constructor-arg name="name" index="1" value="Mithil"></constructor-arg>
  	<constructor-arg name="percentage" index="2" value="98"></constructor-arg>
  </bean>

</beans>